date,a,ag,al,AP,au,b,bu,c,CF,cs,cu,FG,fu,hc,i,j,jd,jm,l,m,MA,ni,OI,p,pb,pp,rb,RM,ru,sc,SF,SM,sn,SR,TA,v,WH,y,ZC,zn
20180102.0,a1805,ag1806,al1802,AP805,au1806,,bu1806,c1805,CF805,cs1805,cu1802,FG805,,hc1805,i1805,j1805,jd1805,jm1805,l1805,m1805,MA805,ni1805,OI805,p1805,pb1802,pp1805,rb1805,RM805,ru1805,,SF805,SM805,sn1805,SR805,TA805,v1805,WH805,y1805,ZC805,zn1802
20180103.0,a1805,ag1806,al1802,AP805,au1806,,bu1806,c1805,CF805,cs1805,cu1802,FG805,,hc1805,i1805,j1805,jd1805,jm1805,l1805,m1805,MA805,ni1805,OI805,p1805,pb1802,pp1805,rb1805,RM805,ru1805,,SF805,SM805,sn1805,SR805,TA805,v1805,WH805,y1805,ZC805,zn1802
20180104.0,a1805,ag1806,al1802,AP805,au1806,,bu1806,c1805,CF805,cs1805,cu1802,FG805,,hc1805,i1805,j1805,jd1805,jm1805,l1805,m1805,MA805,ni1805,OI805,p1805,pb1802,pp1805,rb1805,RM805,ru1805,,SF805,SM805,sn1805,SR805,TA805,v1805,WH805,y1805,ZC805,zn1802
20180105.0,a1805,ag1806,al1802,AP805,au1806,,bu1806,c1805,CF805,cs1805,cu1802,FG805,,hc1805,i1805,j1805,jd1805,jm1805,l1805,m1805,MA805,ni1805,OI805,p1805,pb1802,pp1805,rb1805,RM805,ru1805,,SF805,SM805,sn1805,SR805,TA805,v1805,WH805,y1805,ZC805,zn1802
20180108.0,a1805,ag1806,al1802,AP805,au1806,,bu1806,c1805,CF805,cs1805,cu1803,FG805,,hc1805,i1805,j1805,jd1805,jm1805,l1805,m1805,MA805,ni1805,OI805,p1805,pb1802,pp1805,rb1805,RM805,ru1805,,SF805,SM805,sn1805,SR805,TA805,v1805,WH805,y1805,ZC805,zn1803
20180109.0,a1805,ag1806,al1802,AP805,au1806,,bu1806,c1805,CF805,cs1805,cu1803,FG805,,hc1805,i1805,j1805,jd1805,jm1805,l1805,m1805,MA805,ni1805,OI805,p1805,pb1802,pp1805,rb1805,RM805,ru1805,,SF805,SM805,sn1805,SR805,TA805,v1805,WH805,y1805,ZC805,zn1803
20180110.0,a1805,ag1806,al1802,AP805,au1806,,bu1806,c1805,CF805,cs1805,cu1803,FG805,,hc1805,i1805,j1805,jd1805,jm1805,l1805,m1805,MA805,ni1805,OI805,p1805,pb1802,pp1805,rb1805,RM805,ru1805,,SF805,SM805,sn1805,SR805,TA805,v1805,WH805,y1805,ZC805,zn1803
20180111.0,a1805,ag1806,al1803,AP805,au1806,,bu1806,c1805,CF805,cs1805,cu1803,FG805,,hc1805,i1805,j1805,jd1805,jm1805,l1805,m1805,MA805,ni1805,OI805,p1805,pb1802,pp1805,rb1805,RM805,ru1805,,SF805,SM805,sn1805,SR805,TA805,v1805,WH805,y1805,ZC805,zn1803
20180112.0,a1805,ag1806,al1803,AP805,au1806,,bu1806,c1805,CF805,cs1805,cu1803,FG805,,hc1805,i1805,j1805,jd1805,jm1805,l1805,m1805,MA805,ni1805,OI805,p1805,pb1802,pp1805,rb1805,RM805,ru1805,,SF805,SM805,sn1805,SR805,TA805,v1805,WH805,y1805,ZC805,zn1803
20180115.0,a1805,ag1806,al1803,AP805,au1806,,bu1806,c1805,CF805,cs1805,cu1803,FG805,,hc1805,i1805,j1805,jd1805,jm1805,l1805,m1805,MA805,ni1805,OI805,p1805,pb1802,pp1805,rb1805,RM805,ru1805,,SF805,SM805,sn1805,SR805,TA805,v1805,WH805,y1805,ZC805,zn1803
20180116.0,a1805,ag1806,al1803,AP805,au1806,,bu1806,c1805,CF805,cs1805,cu1803,FG805,,hc1805,i1805,j1805,jd1805,jm1805,l1805,m1805,MA805,ni1805,OI805,p1805,pb1802,pp1805,rb1805,RM805,ru1805,,SF805,SM805,sn1805,SR805,TA805,v1805,WH805,y1805,ZC805,zn1803
20180117.0,a1805,ag1806,al1803,AP805,au1806,,bu1806,c1805,CF805,cs1805,cu1803,FG805,,hc1805,i1805,j1805,jd1805,jm1805,l1805,m1805,MA805,ni1805,OI805,p1805,pb1802,pp1805,rb1805,RM805,ru1805,,SF805,SM805,sn1805,SR805,TA805,v1805,WH805,y1805,ZC805,zn1803
20180118.0,a1805,ag1806,al1803,AP805,au1806,,bu1806,c1805,CF805,cs1805,cu1803,FG805,,hc1805,i1805,j1805,jd1805,jm1805,l1805,m1805,MA805,ni1805,OI805,p1805,pb1803,pp1805,rb1805,RM805,ru1805,,SF805,SM805,sn1805,SR805,TA805,v1805,WH805,y1805,ZC805,zn1803
20180119.0,a1805,ag1806,al1803,AP805,au1806,,bu1806,c1805,CF805,cs1805,cu1803,FG805,,hc1805,i1805,j1805,jd1805,jm1805,l1805,m1805,MA805,ni1805,OI805,p1805,pb1803,pp1805,rb1805,RM805,ru1805,,SF805,SM805,sn1805,SR805,TA805,v1805,WH805,y1805,ZC805,zn1803
20180122.0,a1805,ag1806,al1803,AP805,au1806,,bu1806,c1805,CF805,cs1805,cu1803,FG805,,hc1805,i1805,j1805,jd1805,jm1805,l1805,m1805,MA805,ni1805,OI805,p1805,pb1803,pp1805,rb1805,RM805,ru1805,,SF805,SM805,sn1805,SR805,TA805,v1805,WH805,y1805,ZC805,zn1803
20180123.0,a1805,ag1806,al1803,AP805,au1806,,bu1806,c1805,CF805,cs1805,cu1803,FG805,,hc1805,i1805,j1805,jd1805,jm1805,l1805,m1805,MA805,ni1805,OI805,p1805,pb1803,pp1805,rb1805,RM805,ru1805,,SF805,SM805,sn1805,SR805,TA805,v1805,WH805,y1805,ZC805,zn1803
20180124.0,a1805,ag1806,al1803,AP805,au1806,,bu1806,c1805,CF805,cs1805,cu1803,FG805,,hc1805,i1805,j1805,jd1805,jm1805,l1805,m1805,MA805,ni1805,OI805,p1805,pb1803,pp1805,rb1805,RM805,ru1805,,SF805,SM805,sn1805,SR805,TA805,v1805,WH805,y1805,ZC805,zn1803
20180125.0,a1805,ag1806,al1803,AP805,au1806,,bu1806,c1805,CF805,cs1805,cu1803,FG805,,hc1805,i1805,j1805,jd1805,jm1805,l1805,m1805,MA805,ni1805,OI805,p1805,pb1803,pp1805,rb1805,RM805,ru1805,,SF805,SM805,sn1805,SR805,TA805,v1805,WH805,y1805,ZC805,zn1803
20180126.0,a1805,ag1806,al1803,AP805,au1806,,bu1806,c1805,CF805,cs1805,cu1803,FG805,,hc1805,i1805,j1805,jd1805,jm1805,l1805,m1805,MA805,ni1805,OI805,p1805,pb1803,pp1805,rb1805,RM805,ru1805,,SF805,SM805,sn1805,SR805,TA805,v1805,WH805,y1805,ZC805,zn1803
20180129.0,a1805,ag1806,al1803,AP805,au1806,,bu1806,c1805,CF805,cs1805,cu1803,FG805,,hc1805,i1805,j1805,jd1805,jm1805,l1805,m1805,MA805,ni1805,OI805,p1805,pb1803,pp1805,rb1805,RM805,ru1805,,SF805,SM805,sn1805,SR805,TA805,v1805,WH805,y1805,ZC805,zn1803
20180130.0,a1805,ag1806,al1803,AP805,au1806,,bu1806,c1805,CF805,cs1805,cu1803,FG805,,hc1805,i1805,j1805,jd1805,jm1805,l1805,m1805,MA805,ni1805,OI805,p1805,pb1803,pp1805,rb1805,RM805,ru1805,,SF805,SM805,sn1805,SR805,TA805,v1805,WH805,y1805,ZC805,zn1803
20180131.0,a1805,ag1806,al1803,AP805,au1806,,bu1806,c1805,CF805,cs1805,cu1803,FG805,,hc1805,i1805,j1805,jd1805,jm1805,l1805,m1805,MA805,ni1805,OI805,p1805,pb1803,pp1805,rb1805,RM805,ru1805,,SF805,SM805,sn1805,SR805,TA805,v1805,WH805,y1805,ZC805,zn1803
20180201.0,a1805,ag1806,al1803,AP805,au1806,,bu1806,c1805,CF805,cs1805,cu1803,FG805,,hc1805,i1805,j1805,jd1805,jm1805,l1805,m1805,MA805,ni1805,OI805,p1805,pb1803,pp1805,rb1805,RM805,ru1805,,SF805,SM805,sn1805,SR805,TA805,v1805,WH805,y1805,ZC805,zn1803
20180202.0,a1805,ag1806,al1803,AP805,au1806,,bu1806,c1805,CF805,cs1805,cu1803,FG805,,hc1805,i1805,j1805,jd1805,jm1805,l1805,m1805,MA805,ni1805,OI805,p1805,pb1803,pp1805,rb1805,RM805,ru1805,,SF805,SM805,sn1805,SR805,TA805,v1805,WH805,y1805,ZC805,zn1803
20180205.0,a1805,ag1806,al1803,AP805,au1806,,bu1806,c1805,CF805,cs1805,cu1803,FG805,,hc1805,i1805,j1805,jd1805,jm1805,l1805,m1805,MA805,ni1805,OI805,p1805,pb1803,pp1805,rb1805,RM805,ru1805,,SF805,SM805,sn1805,SR805,TA805,v1805,WH805,y1805,ZC805,zn1803
20180206.0,a1805,ag1806,al1803,AP805,au1806,,bu1806,c1805,CF805,cs1805,cu1803,FG805,,hc1805,i1805,j1805,jd1805,jm1805,l1805,m1805,MA805,ni1805,OI805,p1805,pb1803,pp1805,rb1805,RM805,ru1805,,SF805,SM805,sn1805,SR805,TA805,v1805,WH805,y1805,ZC805,zn1803
20180207.0,a1805,ag1806,al1803,AP805,au1806,,bu1806,c1805,CF805,cs1805,cu1803,FG805,,hc1805,i1805,j1805,jd1805,jm1805,l1805,m1805,MA805,ni1805,OI805,p1805,pb1803,pp1805,rb1805,RM805,ru1805,,SF805,SM805,sn1805,SR805,TA805,v1805,WH805,y1805,ZC805,zn1803
20180208.0,a1805,ag1806,al1803,AP805,au1806,,bu1806,c1805,CF805,cs1805,cu1803,FG805,,hc1805,i1805,j1805,jd1805,jm1805,l1805,m1805,MA805,ni1805,OI805,p1805,pb1803,pp1805,rb1805,RM805,ru1805,,SF805,SM805,sn1805,SR805,TA805,v1805,WH805,y1805,ZC805,zn1803
20180209.0,a1805,ag1806,al1803,AP805,au1806,,bu1806,c1805,CF805,cs1805,cu1804,FG805,,hc1805,i1805,j1805,jd1805,jm1805,l1805,m1805,MA805,ni1805,OI805,p1805,pb1803,pp1805,rb1805,RM805,ru1805,,SF805,SM805,sn1805,SR805,TA805,v1805,WH805,y1805,ZC805,zn1804
20180212.0,a1805,ag1806,al1803,AP805,au1806,,bu1806,c1805,CF805,cs1805,cu1804,FG805,,hc1805,i1805,j1805,jd1805,jm1805,l1805,m1805,MA805,ni1805,OI805,p1805,pb1803,pp1805,rb1805,RM805,ru1805,,SF805,SM805,sn1805,SR805,TA805,v1805,WH805,y1805,ZC805,zn1804
20180213.0,a1805,ag1806,al1803,AP805,au1806,,bu1806,c1805,CF805,cs1805,cu1804,FG805,,hc1805,i1805,j1805,jd1805,jm1805,l1805,m1805,MA805,ni1805,OI805,p1805,pb1803,pp1805,rb1805,RM805,ru1805,,SF805,SM805,sn1805,SR805,TA805,v1805,WH805,y1805,ZC805,zn1804
20180214.0,a1805,ag1806,al1804,AP805,au1806,,bu1806,c1805,CF805,cs1805,cu1804,FG805,,hc1805,i1805,j1805,jd1805,jm1805,l1805,m1805,MA805,ni1805,OI805,p1805,pb1803,pp1805,rb1805,RM805,ru1805,,SF805,SM805,sn1805,SR805,TA805,v1805,WH805,y1805,ZC805,zn1804
20180222.0,a1805,ag1806,al1804,AP805,au1806,,bu1806,c1805,CF805,cs1805,cu1804,FG805,,hc1805,i1805,j1805,jd1805,jm1805,l1805,m1805,MA805,ni1805,OI805,p1805,pb1804,pp1805,rb1805,RM805,ru1805,,SF805,SM805,sn1805,SR805,TA805,v1805,WH805,y1805,ZC805,zn1804
20180223.0,a1805,ag1806,al1804,AP805,au1806,,bu1806,c1805,CF805,cs1805,cu1804,FG805,,hc1805,i1805,j1805,jd1805,jm1805,l1805,m1805,MA805,ni1805,OI805,p1805,pb1804,pp1805,rb1805,RM805,ru1805,,SF805,SM805,sn1805,SR805,TA805,v1805,WH805,y1805,ZC805,zn1804
20180226.0,a1805,ag1806,al1804,AP805,au1806,,bu1806,c1805,CF805,cs1805,cu1804,FG805,,hc1805,i1805,j1805,jd1805,jm1805,l1805,m1805,MA805,ni1805,OI805,p1805,pb1804,pp1805,rb1805,RM805,ru1805,,SF805,SM805,sn1805,SR805,TA805,v1805,WH805,y1805,ZC805,zn1804
20180227.0,a1805,ag1806,al1804,AP805,au1806,,bu1806,c1805,CF805,cs1805,cu1804,FG805,,hc1805,i1805,j1805,jd1805,jm1805,l1805,m1805,MA805,ni1805,OI805,p1805,pb1804,pp1805,rb1805,RM805,ru1805,,SF805,SM805,sn1805,SR805,TA805,v1805,WH805,y1805,ZC805,zn1804
20180228.0,a1805,ag1806,al1804,AP805,au1806,,bu1806,c1805,CF805,cs1805,cu1804,FG805,,hc1805,i1805,j1805,jd1805,jm1805,l1805,m1805,MA805,ni1805,OI805,p1805,pb1804,pp1805,rb1805,RM805,ru1805,,SF805,SM805,sn1805,SR805,TA805,v1805,WH805,y1805,ZC805,zn1804
20180301.0,a1805,ag1806,al1804,AP805,au1806,,bu1806,c1805,CF805,cs1805,cu1804,FG805,,hc1805,i1805,j1805,jd1805,jm1805,l1805,m1805,MA805,ni1805,OI805,p1805,pb1804,pp1805,rb1805,RM805,ru1805,,SF805,SM805,sn1805,SR805,TA805,v1805,WH805,y1805,ZC805,zn1804
20180302.0,a1805,ag1806,al1804,AP805,au1806,,bu1806,c1805,CF805,cs1805,cu1804,FG805,,hc1805,i1805,j1805,jd1805,jm1805,l1805,m1805,MA805,ni1805,OI805,p1805,pb1804,pp1805,rb1805,RM805,ru1805,,SF805,SM805,sn1805,SR805,TA805,v1805,WH805,y1805,ZC805,zn1804
20180305.0,a1805,ag1806,al1804,AP805,au1806,b1809,bu1806,c1805,CF805,cs1805,cu1804,FG805,,hc1805,i1805,j1805,jd1805,jm1805,l1805,m1805,MA805,ni1805,OI805,p1805,pb1804,pp1805,rb1805,RM805,ru1805,,SF805,SM805,sn1805,SR805,TA805,v1805,WH805,y1805,ZC805,zn1804
20180306.0,a1805,ag1806,al1805,AP805,au1806,b1809,bu1806,c1805,CF805,cs1805,cu1804,FG805,,hc1805,i1805,j1805,jd1805,jm1805,l1805,m1805,MA805,ni1805,OI805,p1805,pb1804,pp1805,rb1805,RM805,ru1805,,SF805,SM805,sn1805,SR805,TA805,v1805,WH805,y1805,ZC805,zn1804
20180307.0,a1805,ag1806,al1805,AP805,au1806,b1809,bu1806,c1805,CF805,cs1805,cu1805,FG805,,hc1805,i1805,j1805,jd1805,jm1805,l1805,m1805,MA805,ni1805,OI805,p1805,pb1804,pp1805,rb1805,RM805,ru1805,,SF805,SM805,sn1805,SR805,TA805,v1805,WH805,y1805,ZC805,zn1805
20180308.0,a1805,ag1806,al1805,AP805,au1806,b1809,bu1806,c1805,CF805,cs1805,cu1805,FG805,,hc1805,i1805,j1805,jd1805,jm1805,l1805,m1805,MA805,ni1805,OI805,p1805,pb1804,pp1805,rb1805,RM805,ru1805,,SF805,SM805,sn1805,SR805,TA805,v1805,WH805,y1805,ZC805,zn1805
20180309.0,a1805,ag1806,al1805,AP805,au1806,b1809,bu1806,c1805,CF805,cs1805,cu1805,FG805,,hc1805,i1805,j1805,jd1805,jm1805,l1805,m1805,MA805,ni1805,OI805,p1805,pb1804,pp1805,rb1805,RM805,ru1805,,SF805,SM805,sn1805,SR805,TA805,v1805,WH805,y1805,ZC805,zn1805
20180312.0,a1805,ag1806,al1805,AP805,au1806,b1809,bu1806,c1805,CF805,cs1805,cu1805,FG805,,hc1805,i1805,j1805,jd1805,jm1805,l1805,m1805,MA805,ni1805,OI805,p1805,pb1804,pp1805,rb1805,RM805,ru1805,,SF805,SM805,sn1805,SR805,TA805,v1805,WH805,y1805,ZC805,zn1805
20180313.0,a1805,ag1806,al1805,AP805,au1806,b1809,bu1806,c1805,CF805,cs1805,cu1805,FG805,,hc1805,i1805,j1805,jd1805,jm1805,l1805,m1805,MA805,ni1805,OI805,p1805,pb1804,pp1805,rb1805,RM805,ru1805,,SF805,SM805,sn1805,SR805,TA805,v1805,WH805,y1805,ZC805,zn1805
20180314.0,a1805,ag1806,al1805,AP805,au1806,b1809,bu1806,c1805,CF805,cs1805,cu1805,FG805,,hc1805,i1805,j1805,jd1805,jm1805,l1805,m1805,MA805,ni1805,OI805,p1805,pb1804,pp1805,rb1805,RM805,ru1805,,SF805,SM805,sn1805,SR805,TA805,v1805,WH805,y1805,ZC805,zn1805
20180315.0,a1805,ag1806,al1805,AP805,au1806,b1809,bu1806,c1805,CF805,cs1805,cu1805,FG805,,hc1805,i1805,j1805,jd1805,jm1805,l1805,m1805,MA805,ni1805,OI805,p1805,pb1805,pp1805,rb1805,RM805,ru1805,,SF805,SM805,sn1805,SR805,TA805,v1805,WH805,y1805,ZC805,zn1805
20180316.0,a1805,ag1806,al1805,AP805,au1806,b1809,bu1806,c1805,CF805,cs1805,cu1805,FG805,,hc1805,i1805,j1805,jd1805,jm1805,l1805,m1805,MA805,ni1805,OI805,p1805,pb1805,pp1805,rb1805,RM805,ru1805,,SF805,SM805,sn1805,SR805,TA805,v1805,WH805,y1805,ZC805,zn1805
20180319.0,a1805,ag1806,al1805,AP805,au1806,b1809,bu1806,c1805,CF805,cs1805,cu1805,FG805,,hc1805,i1805,j1805,jd1805,jm1805,l1805,m1805,MA805,ni1805,OI805,p1805,pb1805,pp1805,rb1805,RM805,ru1805,,SF805,SM805,sn1805,SR805,TA805,v1805,WH805,y1805,ZC805,zn1805
20180320.0,a1805,ag1806,al1805,AP805,au1806,b1809,bu1806,c1805,CF805,cs1805,cu1805,FG805,,hc1805,i1805,j1805,jd1805,jm1805,l1805,m1809,MA805,ni1805,OI805,p1805,pb1805,pp1805,rb1805,RM805,ru1805,,SF805,SM805,sn1805,SR805,TA805,v1805,WH805,y1805,ZC805,zn1805
20180321.0,a1805,ag1806,al1805,AP805,au1806,b1809,bu1806,c1805,CF805,cs1805,cu1805,FG805,,hc1805,i1805,j1805,jd1805,jm1805,l1805,m1809,MA805,ni1805,OI805,p1805,pb1805,pp1805,rb1805,RM805,ru1805,,SF805,SM805,sn1805,SR805,TA805,v1805,WH805,y1805,ZC805,zn1805
20180322.0,a1805,ag1806,al1805,AP805,au1806,b1809,bu1806,c1805,CF805,cs1805,cu1805,FG805,,hc1805,i1805,j1805,jd1805,jm1805,l1805,m1809,MA805,ni1805,OI805,p1805,pb1805,pp1805,rb1805,RM805,ru1805,,SF805,SM805,sn1805,SR805,TA805,v1805,WH805,y1805,ZC805,zn1805
20180323.0,a1805,ag1806,al1805,AP805,au1806,b1809,bu1806,c1805,CF805,cs1805,cu1805,FG805,,hc1805,i1805,j1805,jd1805,jm1805,l1805,m1809,MA805,ni1805,OI805,p1805,pb1805,pp1805,rb1805,RM805,ru1805,,SF805,SM805,sn1805,SR805,TA805,v1805,WH805,y1805,ZC805,zn1805
20180326.0,a1805,ag1806,al1805,AP805,au1806,b1809,bu1806,c1805,CF805,cs1805,cu1805,FG805,,hc1805,i1805,j1805,jd1805,jm1805,l1805,m1809,MA805,ni1805,OI805,p1809,pb1805,pp1805,rb1805,RM805,ru1805,,SF805,SM805,sn1805,SR805,TA805,v1805,WH805,y1809,ZC805,zn1805
20180327.0,a1805,ag1806,al1805,AP805,au1806,b1809,bu1806,c1805,CF805,cs1805,cu1805,FG805,,hc1805,i1805,j1805,jd1805,jm1805,l1805,m1809,MA805,ni1805,OI805,p1809,pb1805,pp1805,rb1805,RM805,ru1805,,SF805,SM805,sn1805,SR805,TA805,v1805,WH805,y1809,ZC805,zn1805
20180328.0,a1805,ag1806,al1805,AP805,au1806,b1809,bu1806,c1805,CF809,cs1805,cu1805,FG805,,hc1805,i1805,j1805,jd1805,jm1805,l1805,m1809,MA805,ni1807,OI809,p1809,pb1805,pp1805,rb1805,RM805,ru1805,sc1809,SF805,SM805,sn1805,SR805,TA805,v1805,WH805,y1809,ZC805,zn1805
20180329.0,a1805,ag1806,al1805,AP805,au1806,b1809,bu1806,c1809,CF809,cs1805,cu1805,FG805,,hc1805,i1805,j1805,jd1805,jm1805,l1805,m1809,MA805,ni1807,OI809,p1809,pb1805,pp1805,rb1805,RM805,ru1805,sc1809,SF805,SM805,sn1805,SR805,TA805,v1805,WH805,y1809,ZC805,zn1805
20180330.0,a1805,ag1806,al1805,AP805,au1806,b1809,bu1806,c1809,CF809,cs1805,cu1805,FG805,,hc1805,i1805,j1805,jd1805,jm1805,l1805,m1809,MA805,ni1807,OI809,p1809,pb1805,pp1805,rb1810,RM809,ru1805,sc1809,SF805,SM805,sn1805,SR805,TA805,v1805,WH805,y1809,ZC805,zn1805
20180402.0,a1805,ag1806,al1805,AP805,au1806,b1809,bu1806,c1809,CF809,cs1805,cu1805,FG805,,hc1805,i1805,j1805,jd1809,jm1805,l1805,m1809,MA805,ni1807,OI809,p1809,pb1805,pp1805,rb1810,RM809,ru1809,sc1809,SF805,SM805,sn1805,SR805,TA805,v1805,WH805,y1809,ZC805,zn1805
20180403.0,a1805,ag1806,al1805,AP805,au1806,b1809,bu1806,c1809,CF809,cs1805,cu1805,FG805,,hc1805,i1805,j1805,jd1809,jm1805,l1805,m1809,MA805,ni1807,OI809,p1809,pb1805,pp1805,rb1810,RM809,ru1809,sc1809,SF805,SM805,sn1805,SR809,TA809,v1805,WH805,y1809,ZC805,zn1805
20180404.0,a1805,ag1806,al1805,AP805,au1806,b1809,bu1806,c1809,CF809,cs1805,cu1805,FG805,,hc1805,i1809,j1805,jd1809,jm1805,l1805,m1809,MA805,ni1807,OI809,p1809,pb1805,pp1805,rb1810,RM809,ru1809,sc1809,SF805,SM805,sn1805,SR809,TA809,v1805,WH805,y1809,ZC805,zn1805
20180409.0,a1805,ag1806,al1805,AP805,au1806,b1809,bu1806,c1809,CF809,cs1809,cu1805,FG805,,hc1805,i1809,j1805,jd1809,jm1805,l1805,m1809,MA805,ni1807,OI809,p1809,pb1805,pp1805,rb1810,RM809,ru1809,sc1809,SF805,SM805,sn1805,SR809,TA809,v1805,WH805,y1809,ZC805,zn1806
20180410.0,a1809,ag1806,al1805,AP805,au1806,b1809,bu1806,c1809,CF809,cs1809,cu1805,FG805,,hc1810,i1809,j1809,jd1809,jm1805,l1809,m1809,MA805,ni1807,OI809,p1809,pb1805,pp1805,rb1810,RM809,ru1809,sc1809,SF805,SM805,sn1805,SR809,TA809,v1809,WH805,y1809,ZC805,zn1806
20180411.0,a1809,ag1806,al1806,AP805,au1806,b1809,bu1806,c1809,CF809,cs1809,cu1805,FG809,,hc1810,i1809,j1809,jd1809,jm1809,l1809,m1809,MA805,ni1807,OI809,p1809,pb1805,pp1809,rb1810,RM809,ru1809,sc1809,SF805,SM805,sn1805,SR809,TA809,v1809,WH805,y1809,ZC805,zn1806
20180412.0,a1809,ag1806,al1806,AP810,au1806,b1809,bu1806,c1809,CF809,cs1809,cu1806,FG809,,hc1810,i1809,j1809,jd1809,jm1809,l1809,m1809,MA809,ni1807,OI809,p1809,pb1805,pp1809,rb1810,RM809,ru1809,sc1809,SF805,SM805,sn1805,SR809,TA809,v1809,WH805,y1809,ZC805,zn1806
20180413.0,a1809,ag1806,al1806,AP810,au1806,b1809,bu1806,c1809,CF809,cs1809,cu1806,FG809,,hc1810,i1809,j1809,jd1809,jm1809,l1809,m1809,MA809,ni1807,OI809,p1809,pb1805,pp1809,rb1810,RM809,ru1809,sc1809,SF805,SM805,sn1805,SR809,TA809,v1809,WH809,y1809,ZC809,zn1806
20180416.0,a1809,ag1806,al1806,AP810,au1806,b1809,bu1806,c1809,CF809,cs1809,cu1806,FG809,,hc1810,i1809,j1809,jd1809,jm1809,l1809,m1809,MA809,ni1807,OI809,p1809,pb1805,pp1809,rb1810,RM809,ru1809,sc1809,SF805,SM805,sn1805,SR809,TA809,v1809,WH809,y1809,ZC809,zn1806
20180417.0,a1809,ag1806,al1806,AP810,au1806,b1809,bu1806,c1809,CF809,cs1809,cu1806,FG809,,hc1810,i1809,j1809,jd1809,jm1809,l1809,m1809,MA809,ni1807,OI809,p1809,pb1806,pp1809,rb1810,RM809,ru1809,sc1809,SF805,SM805,sn1805,SR809,TA809,v1809,WH809,y1809,ZC809,zn1806
20180418.0,a1809,ag1806,al1806,AP810,au1806,b1809,bu1806,c1809,CF809,cs1809,cu1806,FG809,,hc1810,i1809,j1809,jd1809,jm1809,l1809,m1809,MA809,ni1807,OI809,p1809,pb1806,pp1809,rb1810,RM809,ru1809,sc1809,SF805,SM805,sn1805,SR809,TA809,v1809,WH809,y1809,ZC809,zn1806
20180419.0,a1809,ag1806,al1806,AP810,au1806,b1809,bu1806,c1809,CF809,cs1809,cu1806,FG809,,hc1810,i1809,j1809,jd1809,jm1809,l1809,m1809,MA809,ni1807,OI809,p1809,pb1806,pp1809,rb1810,RM809,ru1809,sc1809,SF805,SM805,sn1805,SR809,TA809,v1809,WH809,y1809,ZC809,zn1806
20180420.0,a1809,ag1806,al1806,AP810,au1806,b1809,bu1806,c1809,CF809,cs1809,cu1806,FG809,,hc1810,i1809,j1809,jd1809,jm1809,l1809,m1809,MA809,ni1807,OI809,p1809,pb1806,pp1809,rb1810,RM809,ru1809,sc1809,SF809,SM805,sn1809,SR809,TA809,v1809,WH809,y1809,ZC809,zn1806
20180423.0,a1809,ag1806,al1806,AP810,au1806,b1809,bu1806,c1809,CF809,cs1809,cu1806,FG809,,hc1810,i1809,j1809,jd1809,jm1809,l1809,m1809,MA809,ni1807,OI809,p1809,pb1806,pp1809,rb1810,RM809,ru1809,sc1809,SF809,SM805,sn1809,SR809,TA809,v1809,WH809,y1809,ZC809,zn1806
20180424.0,a1809,ag1806,al1806,AP810,au1806,b1809,bu1806,c1809,CF809,cs1809,cu1806,FG809,,hc1810,i1809,j1809,jd1809,jm1809,l1809,m1809,MA809,ni1807,OI809,p1809,pb1806,pp1809,rb1810,RM809,ru1809,sc1809,SF809,SM805,sn1809,SR809,TA809,v1809,WH809,y1809,ZC809,zn1806
20180425.0,a1809,ag1806,al1806,AP810,au1806,b1809,bu1806,c1809,CF809,cs1809,cu1806,FG809,,hc1810,i1809,j1809,jd1809,jm1809,l1809,m1809,MA809,ni1807,OI809,p1809,pb1806,pp1809,rb1810,RM809,ru1809,sc1809,SF809,SM809,sn1809,SR809,TA809,v1809,WH809,y1809,ZC809,zn1806
20180426.0,a1809,ag1806,al1806,AP810,au1806,b1809,bu1806,c1809,CF809,cs1809,cu1806,FG809,,hc1810,i1809,j1809,jd1809,jm1809,l1809,m1809,MA809,ni1807,OI809,p1809,pb1806,pp1809,rb1810,RM809,ru1809,sc1809,SF809,SM809,sn1809,SR809,TA809,v1809,WH809,y1809,ZC809,zn1806
20180427.0,a1809,ag1806,al1806,AP810,au1806,b1809,bu1806,c1809,CF809,cs1809,cu1806,FG809,,hc1810,i1809,j1809,jd1809,jm1809,l1809,m1809,MA809,ni1807,OI809,p1809,pb1806,pp1809,rb1810,RM809,ru1809,sc1809,SF809,SM809,sn1809,SR809,TA809,v1809,WH809,y1809,ZC809,zn1806
20180502.0,a1809,ag1806,al1806,AP810,au1806,b1809,bu1806,c1809,CF809,cs1809,cu1806,FG809,,hc1810,i1809,j1809,jd1809,jm1809,l1809,m1809,MA809,ni1807,OI809,p1809,pb1806,pp1809,rb1810,RM809,ru1809,sc1809,SF809,SM809,sn1809,SR809,TA809,v1809,WH809,y1809,ZC809,zn1806
20180503.0,a1809,ag1806,al1806,AP810,au1806,b1809,bu1806,c1809,CF809,cs1809,cu1806,FG809,,hc1810,i1809,j1809,jd1809,jm1809,l1809,m1809,MA809,ni1807,OI809,p1809,pb1806,pp1809,rb1810,RM809,ru1809,sc1809,SF809,SM809,sn1809,SR809,TA809,v1809,WH809,y1809,ZC809,zn1806
20180504.0,a1809,ag1806,al1806,AP810,au1806,b1809,bu1812,c1809,CF809,cs1809,cu1806,FG809,,hc1810,i1809,j1809,jd1809,jm1809,l1809,m1809,MA809,ni1807,OI809,p1809,pb1806,pp1809,rb1810,RM809,ru1809,sc1809,SF809,SM809,sn1809,SR809,TA809,v1809,WH809,y1809,ZC809,zn1806
20180507.0,a1809,ag1806,al1806,AP810,au1812,b1809,bu1812,c1809,CF809,cs1809,cu1806,FG809,,hc1810,i1809,j1809,jd1809,jm1809,l1809,m1809,MA809,ni1807,OI809,p1809,pb1806,pp1809,rb1810,RM809,ru1809,sc1809,SF809,SM809,sn1809,SR809,TA809,v1809,WH809,y1809,ZC809,zn1806
20180508.0,a1809,ag1812,al1806,AP810,au1812,b1809,bu1812,c1809,CF809,cs1809,cu1806,FG809,,hc1810,i1809,j1809,jd1809,jm1809,l1809,m1809,MA809,ni1807,OI809,p1809,pb1806,pp1809,rb1810,RM809,ru1809,sc1809,SF809,SM809,sn1809,SR809,TA809,v1809,WH809,y1809,ZC809,zn1806
20180509.0,a1809,ag1812,al1807,AP810,au1812,b1809,bu1812,c1809,CF809,cs1809,cu1807,FG809,,hc1810,i1809,j1809,jd1809,jm1809,l1809,m1809,MA809,ni1807,OI809,p1809,pb1806,pp1809,rb1810,RM809,ru1809,sc1809,SF809,SM809,sn1809,SR809,TA809,v1809,WH809,y1809,ZC809,zn1807
20180510.0,a1809,ag1812,al1807,AP810,au1812,b1809,bu1812,c1809,CF809,cs1809,cu1807,FG809,,hc1810,i1809,j1809,jd1809,jm1809,l1809,m1809,MA809,ni1807,OI809,p1809,pb1806,pp1809,rb1810,RM809,ru1809,sc1809,SF809,SM809,sn1809,SR809,TA809,v1809,WH809,y1809,ZC809,zn1807
20180511.0,a1809,ag1812,al1807,AP810,au1812,b1809,bu1812,c1809,CF809,cs1809,cu1807,FG809,,hc1810,i1809,j1809,jd1809,jm1809,l1809,m1809,MA809,ni1807,OI809,p1809,pb1806,pp1809,rb1810,RM809,ru1809,sc1809,SF809,SM809,sn1809,SR809,TA809,v1809,WH809,y1809,ZC809,zn1807
20180514.0,a1809,ag1812,al1807,AP810,au1812,b1809,bu1812,c1809,CF809,cs1809,cu1807,FG809,,hc1810,i1809,j1809,jd1809,jm1809,l1809,m1809,MA809,ni1807,OI809,p1809,pb1806,pp1809,rb1810,RM809,ru1809,sc1809,SF809,SM809,sn1809,SR809,TA809,v1809,WH809,y1809,ZC809,zn1807
20180515.0,a1809,ag1812,al1807,AP810,au1812,b1809,bu1812,c1809,CF809,cs1809,cu1807,FG809,,hc1810,i1809,j1809,jd1809,jm1809,l1809,m1809,MA809,ni1807,OI809,p1809,pb1806,pp1809,rb1810,RM809,ru1809,sc1809,SF809,SM809,sn1809,SR809,TA809,v1809,WH809,y1809,ZC809,zn1807
20180516.0,a1809,ag1812,al1807,AP810,au1812,b1809,bu1812,c1809,CF809,cs1809,cu1807,FG809,,hc1810,i1809,j1809,jd1809,jm1809,l1809,m1809,MA809,ni1807,OI809,p1809,pb1806,pp1809,rb1810,RM809,ru1809,sc1809,SF809,SM809,sn1809,SR809,TA809,v1809,WH809,y1809,ZC809,zn1807
20180517.0,a1809,ag1812,al1807,AP810,au1812,b1809,bu1812,c1809,CF809,cs1809,cu1807,FG809,,hc1810,i1809,j1809,jd1809,jm1809,l1809,m1809,MA809,ni1807,OI809,p1809,pb1806,pp1809,rb1810,RM809,ru1809,sc1809,SF809,SM809,sn1809,SR809,TA809,v1809,WH809,y1809,ZC809,zn1807
20180518.0,a1809,ag1812,al1807,AP810,au1812,b1809,bu1812,c1809,CF809,cs1809,cu1807,FG809,,hc1810,i1809,j1809,jd1809,jm1809,l1809,m1809,MA809,ni1807,OI809,p1809,pb1806,pp1809,rb1810,RM809,ru1809,sc1809,SF809,SM809,sn1809,SR809,TA809,v1809,WH809,y1809,ZC809,zn1807
20180521.0,a1809,ag1812,al1807,AP810,au1812,b1809,bu1812,c1809,CF809,cs1809,cu1807,FG809,,hc1810,i1809,j1809,jd1809,jm1809,l1809,m1809,MA809,ni1807,OI809,p1809,pb1806,pp1809,rb1810,RM809,ru1809,sc1809,SF809,SM809,sn1809,SR809,TA809,v1809,WH809,y1809,ZC809,zn1807
20180522.0,a1809,ag1812,al1807,AP810,au1812,b1809,bu1812,c1809,CF809,cs1809,cu1807,FG809,,hc1810,i1809,j1809,jd1809,jm1809,l1809,m1809,MA809,ni1807,OI809,p1809,pb1806,pp1809,rb1810,RM809,ru1809,sc1809,SF809,SM809,sn1809,SR809,TA809,v1809,WH809,y1809,ZC809,zn1807
20180523.0,a1809,ag1812,al1807,AP810,au1812,b1809,bu1812,c1809,CF809,cs1809,cu1807,FG809,,hc1810,i1809,j1809,jd1809,jm1809,l1809,m1809,MA809,ni1807,OI809,p1809,pb1806,pp1809,rb1810,RM809,ru1809,sc1809,SF809,SM809,sn1809,SR809,TA809,v1809,WH809,y1809,ZC809,zn1807
20180524.0,a1809,ag1812,al1807,AP810,au1812,b1809,bu1812,c1809,CF901,cs1809,cu1807,FG809,,hc1810,i1809,j1809,jd1809,jm1809,l1809,m1809,MA809,ni1807,OI809,p1809,pb1807,pp1809,rb1810,RM809,ru1809,sc1809,SF809,SM809,sn1809,SR809,TA809,v1809,WH809,y1809,ZC809,zn1807
20180525.0,a1809,ag1812,al1807,AP810,au1812,b1809,bu1812,c1809,CF901,cs1809,cu1807,FG809,,hc1810,i1809,j1809,jd1809,jm1809,l1809,m1809,MA809,ni1807,OI809,p1809,pb1807,pp1809,rb1810,RM809,ru1809,,SF809,SM809,sn1809,SR809,TA809,v1809,WH809,y1809,ZC809,zn1807
20180528.0,a1809,ag1812,al1807,AP810,au1812,b1809,bu1812,c1809,CF901,cs1809,cu1807,FG809,,hc1810,i1809,j1809,jd1809,jm1809,l1809,m1809,MA809,ni1807,OI809,p1809,pb1807,pp1809,rb1810,RM809,ru1809,,SF809,SM809,sn1809,SR809,TA809,v1809,WH809,y1809,ZC809,zn1807
20180529.0,a1809,ag1812,al1807,AP810,au1812,b1809,bu1812,c1809,CF901,cs1809,cu1807,FG809,,hc1810,i1809,j1809,jd1809,jm1809,l1809,m1809,MA809,ni1807,OI809,p1809,pb1807,pp1809,rb1810,RM809,ru1809,sc1809,SF809,SM809,sn1809,SR809,TA809,v1809,WH809,y1809,ZC809,zn1807
20180530.0,a1809,ag1812,al1807,AP810,au1812,b1809,bu1812,c1809,CF901,cs1809,cu1807,FG809,,hc1810,i1809,j1809,jd1809,jm1809,l1809,m1809,MA809,ni1807,OI809,p1809,pb1807,pp1809,rb1810,RM809,ru1809,sc1809,SF809,SM809,sn1809,SR809,TA809,v1809,WH809,y1809,ZC809,zn1807
20180531.0,a1809,ag1812,al1807,AP810,au1812,b1809,bu1812,c1809,CF901,cs1809,cu1807,FG809,,hc1810,i1809,j1809,jd1809,jm1809,l1809,m1809,MA809,ni1807,OI809,p1809,pb1807,pp1809,rb1810,RM809,ru1809,sc1809,SF809,SM809,sn1809,SR809,TA809,v1809,WH809,y1809,ZC809,zn1807
20180601.0,a1809,ag1812,al1807,AP810,au1812,b1809,bu1812,c1809,CF901,cs1809,cu1807,FG809,,hc1810,i1809,j1809,jd1809,jm1809,l1809,m1809,MA809,ni1807,OI809,p1809,pb1807,pp1809,rb1810,RM809,ru1809,sc1809,SF809,SM809,sn1809,SR809,TA809,v1809,WH809,y1809,ZC809,zn1807
20180604.0,a1809,ag1812,al1807,AP810,au1812,b1809,bu1812,c1809,CF901,cs1809,cu1807,FG809,,hc1810,i1809,j1809,jd1809,jm1809,l1809,m1809,MA809,ni1807,OI809,p1809,pb1807,pp1809,rb1810,RM809,ru1809,sc1809,SF809,SM809,sn1809,SR809,TA809,v1809,WH809,y1809,ZC809,zn1807
20180605.0,a1809,ag1812,al1807,AP810,au1812,b1809,bu1812,c1809,CF901,cs1809,cu1807,FG809,,hc1810,i1809,j1809,jd1809,jm1809,l1809,m1809,MA809,ni1807,OI809,p1809,pb1807,pp1809,rb1810,RM809,ru1809,sc1809,SF809,SM809,sn1809,SR809,TA809,v1809,WH809,y1809,ZC809,zn1807
20180606.0,a1809,ag1812,al1807,AP810,au1812,b1809,bu1812,c1809,CF901,cs1809,cu1807,FG809,,hc1810,i1809,j1809,jd1809,jm1809,l1809,m1809,MA809,ni1807,OI809,p1809,pb1807,pp1809,rb1810,RM809,ru1809,sc1809,SF809,SM809,sn1809,SR809,TA809,v1809,WH809,y1809,ZC809,zn1807
20180607.0,a1809,ag1812,al1807,AP810,au1812,b1809,bu1812,c1809,CF901,cs1809,cu1807,FG809,,hc1810,i1809,j1809,jd1809,jm1809,l1809,m1809,MA809,ni1809,OI809,p1809,pb1807,pp1809,rb1810,RM809,ru1809,sc1809,SF809,SM809,sn1809,SR809,TA809,v1809,WH809,y1809,ZC809,zn1807
20180608.0,a1809,ag1812,al1807,AP810,au1812,b1809,bu1812,c1809,CF901,cs1809,cu1808,FG809,,hc1810,i1809,j1809,jd1809,jm1809,l1809,m1809,MA809,ni1809,OI809,p1809,pb1807,pp1809,rb1810,RM809,ru1809,sc1809,SF809,SM809,sn1809,SR809,TA809,v1809,WH809,y1809,ZC809,zn1807
20180611.0,a1809,ag1812,al1808,AP810,au1812,b1809,bu1812,c1809,CF901,cs1809,cu1808,FG809,,hc1810,i1809,j1809,jd1809,jm1809,l1809,m1809,MA809,ni1809,OI809,p1809,pb1807,pp1809,rb1810,RM809,ru1809,sc1809,SF809,SM809,sn1809,SR809,TA809,v1809,WH809,y1809,ZC809,zn1807
20180612.0,a1809,ag1812,al1808,AP810,au1812,b1809,bu1812,c1809,CF901,cs1809,cu1808,FG809,,hc1810,i1809,j1809,jd1809,jm1809,l1809,m1809,MA809,ni1809,OI809,p1809,pb1807,pp1809,rb1810,RM809,ru1809,sc1809,SF809,SM809,sn1809,SR809,TA809,v1809,WH809,y1809,ZC809,zn1808
20180613.0,a1809,ag1812,al1808,AP810,au1812,b1809,bu1812,c1809,CF901,cs1809,cu1808,FG809,,hc1810,i1809,j1809,jd1809,jm1809,l1809,m1809,MA809,ni1809,OI809,p1809,pb1807,pp1809,rb1810,RM809,ru1809,sc1809,SF809,SM809,sn1809,SR809,TA809,v1809,WH809,y1809,ZC809,zn1808
20180614.0,a1809,ag1812,al1808,AP810,au1812,b1809,bu1812,c1809,CF901,cs1809,cu1808,FG809,,hc1810,i1809,j1809,jd1809,jm1809,l1809,m1809,MA809,ni1809,OI809,p1809,pb1807,pp1809,rb1810,RM809,ru1809,sc1809,SF809,SM809,sn1809,SR809,TA809,v1809,WH809,y1809,ZC809,zn1808
20180615.0,a1809,ag1812,al1808,AP810,au1812,b1809,bu1812,c1809,CF901,cs1809,cu1808,FG809,,hc1810,i1809,j1809,jd1809,jm1809,l1809,m1809,MA809,ni1809,OI809,p1809,pb1807,pp1809,rb1810,RM809,ru1809,sc1809,SF809,SM809,sn1809,SR809,TA809,v1809,WH809,y1809,ZC809,zn1808
20180619.0,a1809,ag1812,al1808,AP810,au1812,b1809,bu1812,c1809,CF901,cs1809,cu1808,FG809,,hc1810,i1809,j1809,jd1809,jm1809,l1809,m1809,MA809,ni1809,OI809,p1809,pb1807,pp1809,rb1810,RM809,ru1809,sc1809,SF809,SM809,sn1809,SR809,TA809,v1809,WH809,y1809,ZC809,zn1808
20180620.0,a1809,ag1812,al1808,AP810,au1812,b1809,bu1812,c1809,CF901,cs1809,cu1808,FG809,,hc1810,i1809,j1809,jd1809,jm1809,l1809,m1809,MA809,ni1809,OI809,p1809,pb1807,pp1809,rb1810,RM809,ru1809,sc1809,SF809,SM809,sn1809,SR809,TA809,v1809,WH809,y1809,ZC809,zn1808
20180621.0,a1809,ag1812,al1808,AP810,au1812,b1809,bu1812,c1809,CF901,cs1809,cu1808,FG809,,hc1810,i1809,j1809,jd1809,jm1809,l1809,m1809,MA809,ni1809,OI809,p1809,pb1807,pp1809,rb1810,RM809,ru1809,sc1809,SF809,SM809,sn1809,SR809,TA809,v1809,WH809,y1809,ZC809,zn1808
20180622.0,a1809,ag1812,al1808,AP810,au1812,b1809,bu1812,c1809,CF901,cs1809,cu1808,FG809,,hc1810,i1809,j1809,jd1809,jm1809,l1809,m1809,MA809,ni1809,OI809,p1809,pb1807,pp1809,rb1810,RM809,ru1809,sc1809,SF809,SM809,sn1809,SR809,TA809,v1809,WH809,y1809,ZC809,zn1808
20180625.0,a1809,ag1812,al1808,AP810,au1812,b1809,bu1812,c1809,CF901,cs1809,cu1808,FG809,,hc1810,i1809,j1809,jd1809,jm1809,l1809,m1809,MA809,ni1809,OI809,p1809,pb1807,pp1809,rb1810,RM809,ru1809,sc1809,SF809,SM809,sn1809,SR809,TA809,v1809,WH809,y1809,ZC809,zn1808
20180626.0,a1809,ag1812,al1808,AP810,au1812,b1809,bu1812,c1809,CF901,cs1809,cu1808,FG809,,hc1810,i1809,j1809,jd1809,jm1809,l1809,m1809,MA809,ni1809,OI809,p1809,pb1808,pp1809,rb1810,RM809,ru1809,sc1809,SF809,SM809,sn1809,SR809,TA809,v1809,WH809,y1809,ZC809,zn1808
20180627.0,a1809,ag1812,al1808,AP810,au1812,b1809,bu1812,c1809,CF901,cs1809,cu1808,FG809,,hc1810,i1809,j1809,jd1809,jm1809,l1809,m1809,MA809,ni1809,OI809,p1809,pb1808,pp1809,rb1810,RM809,ru1809,sc1809,SF809,SM809,sn1809,SR809,TA809,v1809,WH809,y1809,ZC809,zn1808
20180628.0,a1809,ag1812,al1808,AP810,au1812,b1809,bu1812,c1809,CF901,cs1809,cu1808,FG809,,hc1810,i1809,j1809,jd1809,jm1809,l1809,m1809,MA809,ni1809,OI809,p1809,pb1808,pp1809,rb1810,RM809,ru1809,sc1809,SF809,SM809,sn1809,SR809,TA809,v1809,WH809,y1809,ZC809,zn1808
20180629.0,a1809,ag1812,al1808,AP810,au1812,b1809,bu1812,c1809,CF901,cs1809,cu1808,FG809,,hc1810,i1809,j1809,jd1809,jm1809,l1809,m1809,MA809,ni1809,OI809,p1809,pb1808,pp1809,rb1810,RM809,ru1809,sc1809,SF809,SM809,sn1809,SR809,TA809,v1809,WH809,y1809,ZC809,zn1808
20180702.0,a1809,ag1812,al1808,AP810,au1812,b1809,bu1812,c1809,CF901,cs1809,cu1808,FG809,,hc1810,i1809,j1809,jd1809,jm1809,l1809,m1809,MA809,ni1809,OI809,p1809,pb1808,pp1809,rb1810,RM809,ru1809,sc1809,SF809,SM809,sn1809,SR809,TA809,v1809,WH809,y1809,ZC809,zn1808
20180703.0,a1809,ag1812,al1808,AP810,au1812,b1809,bu1812,c1809,CF901,cs1809,cu1808,FG809,,hc1810,i1809,j1809,jd1809,jm1809,l1809,m1809,MA809,ni1809,OI809,p1809,pb1808,pp1809,rb1810,RM809,ru1809,sc1809,SF809,SM809,sn1809,SR809,TA809,v1809,WH809,y1809,ZC809,zn1808
20180704.0,a1809,ag1812,al1808,AP810,au1812,b1809,bu1812,c1809,CF901,cs1809,cu1808,FG809,,hc1810,i1809,j1809,jd1809,jm1809,l1809,m1809,MA809,ni1809,OI809,p1809,pb1808,pp1809,rb1810,RM809,ru1809,sc1809,SF809,SM809,sn1809,SR809,TA809,v1809,WH809,y1809,ZC809,zn1808
20180705.0,a1809,ag1812,al1808,AP810,au1812,b1809,bu1812,c1809,CF901,cs1809,cu1808,FG809,,hc1810,i1809,j1809,jd1809,jm1809,l1809,m1809,MA809,ni1809,OI809,p1809,pb1808,pp1809,rb1810,RM809,ru1809,sc1809,SF809,SM809,sn1809,SR809,TA809,v1809,WH809,y1809,ZC809,zn1808
20180706.0,a1809,ag1812,al1808,AP810,au1812,b1809,bu1812,c1809,CF901,cs1809,cu1808,FG809,,hc1810,i1809,j1809,jd1809,jm1809,l1809,m1809,MA809,ni1809,OI809,p1809,pb1808,pp1809,rb1810,RM809,ru1809,sc1809,SF809,SM809,sn1809,SR809,TA809,v1809,WH809,y1809,ZC809,zn1808
20180709.0,a1809,ag1812,al1809,AP810,au1812,b1809,bu1812,c1809,CF901,cs1809,cu1809,FG809,,hc1810,i1809,j1809,jd1809,jm1809,l1809,m1809,MA809,ni1809,OI809,p1809,pb1808,pp1809,rb1810,RM809,ru1809,sc1809,SF809,SM809,sn1809,SR809,TA809,v1809,WH809,y1809,ZC809,zn1808
20180710.0,a1809,ag1812,al1809,AP810,au1812,b1809,bu1812,c1809,CF901,cs1809,cu1809,FG809,,hc1810,i1809,j1809,jd1809,jm1809,l1809,m1809,MA809,ni1809,OI809,p1809,pb1808,pp1809,rb1810,RM809,ru1809,sc1809,SF809,SM809,sn1809,SR809,TA809,v1809,WH809,y1809,ZC809,zn1808
20180711.0,a1809,ag1812,al1809,AP810,au1812,b1809,bu1812,c1809,CF901,cs1809,cu1809,FG809,,hc1810,i1809,j1809,jd1809,jm1809,l1809,m1809,MA809,ni1809,OI809,p1809,pb1808,pp1809,rb1810,RM809,ru1809,sc1809,SF809,SM809,sn1809,SR809,TA809,v1809,WH809,y1809,ZC809,zn1808
20180712.0,a1809,ag1812,al1809,AP810,au1812,b1809,bu1812,c1809,CF901,cs1809,cu1809,FG809,,hc1810,i1809,j1809,jd1809,jm1809,l1809,m1809,MA809,ni1809,OI809,p1809,pb1808,pp1809,rb1810,RM809,ru1809,sc1809,SF809,SM809,sn1809,SR809,TA809,v1809,WH809,y1809,ZC809,zn1809
20180713.0,a1809,ag1812,al1809,AP810,au1812,b1809,bu1812,c1901,CF901,cs1809,cu1809,FG809,,hc1810,i1809,j1809,jd1809,jm1809,l1809,m1809,MA809,ni1809,OI809,p1809,pb1808,pp1809,rb1810,RM809,ru1809,sc1809,SF809,SM809,sn1809,SR809,TA809,v1809,WH901,y1809,ZC809,zn1809
20180716.0,a1809,ag1812,al1809,AP810,au1812,b1809,bu1812,c1901,CF901,cs1809,cu1809,FG809,,hc1810,i1809,j1809,jd1809,jm1809,l1809,m1809,MA809,ni1809,OI809,p1809,pb1808,pp1809,rb1810,RM809,ru1809,sc1809,SF809,SM809,sn1809,SR809,TA809,v1809,WH901,y1809,ZC809,zn1809
20180717.0,a1809,ag1812,al1809,AP901,au1812,b1809,bu1812,c1901,CF901,cs1809,cu1809,FG809,fu1901,hc1810,i1809,j1809,jd1809,jm1809,l1809,m1809,MA809,ni1809,OI809,p1809,pb1808,pp1809,rb1810,RM809,ru1809,sc1809,SF809,SM809,sn1809,SR809,TA809,v1809,WH901,y1809,ZC809,zn1809
20180718.0,a1809,ag1812,al1809,AP901,au1812,b1809,bu1812,c1901,CF901,cs1809,cu1809,FG809,fu1901,hc1810,i1809,j1809,jd1809,jm1809,l1809,m1809,MA809,ni1809,OI809,p1809,pb1808,pp1809,rb1810,RM809,ru1809,sc1809,SF809,SM809,sn1809,SR809,TA809,v1809,WH901,y1809,ZC809,zn1809
20180719.0,a1809,ag1812,al1809,AP901,au1812,b1809,bu1812,c1901,CF901,cs1809,cu1809,FG809,fu1901,hc1810,i1809,j1809,jd1809,jm1809,l1809,m1809,MA809,ni1809,OI809,p1809,pb1808,pp1809,rb1810,RM809,ru1809,sc1809,SF809,SM809,sn1809,SR809,TA809,v1809,WH901,y1809,ZC809,zn1809
20180720.0,a1809,ag1812,al1809,AP901,au1812,b1809,bu1812,c1901,CF901,cs1809,cu1809,FG809,fu1901,hc1810,i1809,j1809,jd1809,jm1809,l1809,m1809,MA809,ni1809,OI809,p1809,pb1808,pp1809,rb1810,RM809,ru1809,sc1809,SF809,SM809,sn1809,SR809,TA809,v1809,WH901,y1809,ZC809,zn1809
20180723.0,a1809,ag1812,al1809,AP901,au1812,b1809,bu1812,c1901,CF901,cs1809,cu1809,FG809,fu1901,hc1810,i1809,j1809,jd1809,jm1809,l1809,m1809,MA809,ni1809,OI809,p1809,pb1808,pp1809,rb1810,RM809,ru1809,sc1809,SF809,SM809,sn1809,SR809,TA809,v1809,WH901,y1809,ZC809,zn1809
20180724.0,a1809,ag1812,al1809,AP901,au1812,b1809,bu1812,c1901,CF901,cs1809,cu1809,FG809,fu1901,hc1810,i1809,j1809,jd1809,jm1809,l1809,m1901,MA809,ni1809,OI809,p1809,pb1808,pp1809,rb1810,RM809,ru1809,sc1809,SF809,SM809,sn1809,SR809,TA809,v1809,WH901,y1809,ZC809,zn1809
20180725.0,a1809,ag1812,al1809,AP901,au1812,b1809,bu1812,c1901,CF901,cs1809,cu1809,FG809,fu1901,hc1810,i1809,j1809,jd1809,jm1809,l1809,m1901,MA809,ni1809,OI809,p1809,pb1809,pp1809,rb1810,RM809,ru1809,sc1809,SF809,SM809,sn1809,SR809,TA809,v1809,WH901,y1809,ZC809,zn1809
20180726.0,a1809,ag1812,al1809,AP901,au1812,b1809,bu1812,c1901,CF901,cs1809,cu1809,FG809,fu1901,hc1810,i1809,j1809,jd1809,jm1809,l1809,m1901,MA809,ni1809,OI809,p1809,pb1809,pp1809,rb1810,RM809,ru1809,sc1809,SF809,SM809,sn1809,SR809,TA809,v1809,WH901,y1809,ZC809,zn1809
20180727.0,a1809,ag1812,al1809,AP901,au1812,b1809,bu1812,c1901,CF901,cs1809,cu1809,FG809,fu1901,hc1810,i1809,j1809,jd1809,jm1809,l1809,m1901,MA809,ni1809,OI809,p1901,pb1809,pp1809,rb1810,RM809,ru1809,sc1809,SF809,SM809,sn1809,SR809,TA809,v1809,WH901,y1901,ZC809,zn1809
20180730.0,a1809,ag1812,al1809,AP901,au1812,b1809,bu1812,c1901,CF901,cs1809,cu1809,FG809,fu1901,hc1810,i1809,j1809,jd1809,jm1809,l1809,m1901,MA809,ni1809,OI901,p1901,pb1809,pp1809,rb1810,RM809,ru1809,sc1809,SF809,SM809,sn1809,SR809,TA809,v1809,WH901,y1901,ZC809,zn1809
20180731.0,a1809,ag1812,al1809,AP901,au1812,b1809,bu1812,c1901,CF901,cs1809,cu1809,FG809,fu1901,hc1810,i1809,j1809,jd1809,jm1809,l1809,m1901,MA809,ni1809,OI901,p1901,pb1809,pp1809,rb1810,RM809,ru1809,sc1809,SF809,SM809,sn1809,SR901,TA809,v1809,WH901,y1901,ZC809,zn1809
20180801.0,a1809,ag1812,al1809,AP901,au1812,b1901,bu1812,c1901,CF901,cs1809,cu1809,FG809,fu1901,hc1810,i1809,j1809,jd1901,jm1809,l1809,m1901,MA809,ni1809,OI901,p1901,pb1809,pp1809,rb1810,RM809,ru1809,sc1809,SF809,SM809,sn1809,SR901,TA809,v1809,WH901,y1901,ZC809,zn1809
20180802.0,a1901,ag1812,al1809,AP901,au1812,b1901,bu1812,c1901,CF901,cs1809,cu1809,FG809,fu1901,hc1810,i1809,j1809,jd1901,jm1809,l1809,m1901,MA809,ni1809,OI901,p1901,pb1809,pp1809,rb1810,RM809,ru1809,sc1809,SF809,SM809,sn1809,SR901,TA809,v1809,WH901,y1901,ZC809,zn1809
20180803.0,a1901,ag1812,al1809,AP901,au1812,b1901,bu1812,c1901,CF901,cs1809,cu1809,FG809,fu1901,hc1810,i1809,j1809,jd1901,jm1809,l1809,m1901,MA809,ni1809,OI901,p1901,pb1809,pp1809,rb1810,RM809,ru1809,sc1809,SF809,SM809,sn1809,SR901,TA809,v1809,WH901,y1901,ZC809,zn1809
20180806.0,a1901,ag1812,al1809,AP901,au1812,b1901,bu1812,c1901,CF901,cs1809,cu1809,FG809,fu1901,hc1810,i1809,j1809,jd1901,jm1809,l1901,m1901,MA809,ni1811,OI901,p1901,pb1809,pp1809,rb1810,RM901,ru1809,sc1809,SF809,SM809,sn1809,SR901,TA809,v1809,WH901,y1901,ZC809,zn1809
20180807.0,a1901,ag1812,al1809,AP901,au1812,b1901,bu1812,c1901,CF901,cs1809,cu1809,FG809,fu1901,hc1810,i1901,j1809,jd1901,jm1809,l1901,m1901,MA809,ni1811,OI901,p1901,pb1809,pp1809,rb1810,RM901,ru1901,sc1809,SF809,SM809,sn1809,SR901,TA809,v1809,WH901,y1901,ZC809,zn1810
20180808.0,a1901,ag1812,al1809,AP901,au1812,b1901,bu1812,c1901,CF901,cs1809,cu1810,FG809,fu1901,hc1810,i1901,j1809,jd1901,jm1809,l1901,m1901,MA809,ni1811,OI901,p1901,pb1809,pp1901,rb1810,RM901,ru1901,sc1809,SF809,SM809,sn1809,SR901,TA901,v1809,WH901,y1901,ZC809,zn1810
20180809.0,a1901,ag1812,al1810,AP901,au1812,b1901,bu1812,c1901,CF901,cs1901,cu1810,FG901,fu1901,hc1810,i1901,j1901,jd1901,jm1901,l1901,m1901,MA901,ni1811,OI901,p1901,pb1809,pp1901,rb1810,RM901,ru1901,sc1809,SF809,SM809,sn1809,SR901,TA901,v1901,WH901,y1901,ZC809,zn1810
20180810.0,a1901,ag1812,al1810,AP901,au1812,b1901,bu1812,c1901,CF901,cs1901,cu1810,FG901,fu1901,hc1810,i1901,j1901,jd1901,jm1901,l1901,m1901,MA901,ni1811,OI901,p1901,pb1809,pp1901,rb1810,RM901,ru1901,sc1809,SF809,SM809,sn1809,SR901,TA901,v1901,WH901,y1901,ZC809,zn1810
20180813.0,a1901,ag1812,al1810,AP901,au1812,b1901,bu1812,c1901,CF901,cs1901,cu1810,FG901,fu1901,hc1810,i1901,j1901,jd1901,jm1901,l1901,m1901,MA901,ni1811,OI901,p1901,pb1809,pp1901,rb1810,RM901,ru1901,sc1809,SF809,SM809,sn1809,SR901,TA901,v1901,WH901,y1901,ZC809,zn1810
20180814.0,a1901,ag1812,al1810,AP901,au1812,b1901,bu1812,c1901,CF901,cs1901,cu1810,FG901,fu1901,hc1810,i1901,j1901,jd1901,jm1901,l1901,m1901,MA901,ni1811,OI901,p1901,pb1809,pp1901,rb1810,RM901,ru1901,sc1809,SF809,SM809,sn1809,SR901,TA901,v1901,WH901,y1901,ZC901,zn1810
20180815.0,a1901,ag1812,al1810,AP901,au1812,b1901,bu1812,c1901,CF901,cs1901,cu1810,FG901,fu1901,hc1810,i1901,j1901,jd1901,jm1901,l1901,m1901,MA901,ni1811,OI901,p1901,pb1809,pp1901,rb1810,RM901,ru1901,sc1812,SF809,SM809,sn1809,SR901,TA901,v1901,WH901,y1901,ZC901,zn1810
20180816.0,a1901,ag1812,al1810,AP901,au1812,b1901,bu1812,c1901,CF901,cs1901,cu1810,FG901,fu1901,hc1810,i1901,j1901,jd1901,jm1901,l1901,m1901,MA901,ni1811,OI901,p1901,pb1809,pp1901,rb1901,RM901,ru1901,sc1812,SF901,SM901,sn1809,SR901,TA901,v1901,WH901,y1901,ZC901,zn1810
20180817.0,a1901,ag1812,al1810,AP901,au1812,b1901,bu1812,c1901,CF901,cs1901,cu1810,FG901,fu1901,hc1810,i1901,j1901,jd1901,jm1901,l1901,m1901,MA901,ni1811,OI901,p1901,pb1809,pp1901,rb1901,RM901,ru1901,sc1812,SF901,SM901,sn1809,SR901,TA901,v1901,WH901,y1901,ZC901,zn1810
20180820.0,a1901,ag1812,al1810,AP901,au1812,b1901,bu1812,c1901,CF901,cs1901,cu1810,FG901,fu1901,hc1901,i1901,j1901,jd1901,jm1901,l1901,m1901,MA901,ni1811,OI901,p1901,pb1810,pp1901,rb1901,RM901,ru1901,sc1812,SF901,SM901,sn1809,SR901,TA901,v1901,WH901,y1901,ZC901,zn1810
20180821.0,a1901,ag1812,al1810,AP901,au1812,b1901,bu1812,c1901,CF901,cs1901,cu1810,FG901,fu1901,hc1901,i1901,j1901,jd1901,jm1901,l1901,m1901,MA901,ni1811,OI901,p1901,pb1810,pp1901,rb1901,RM901,ru1901,sc1812,SF901,SM901,sn1901,SR901,TA901,v1901,WH901,y1901,ZC901,zn1810
20180822.0,a1901,ag1812,al1810,AP901,au1812,b1901,bu1812,c1901,CF901,cs1901,cu1810,FG901,fu1901,hc1901,i1901,j1901,jd1901,jm1901,l1901,m1901,MA901,ni1811,OI901,p1901,pb1810,pp1901,rb1901,RM901,ru1901,sc1812,SF901,SM901,sn1901,SR901,TA901,v1901,WH901,y1901,ZC901,zn1810
20180823.0,a1901,ag1812,al1810,AP901,au1812,b1901,bu1812,c1901,CF901,cs1901,cu1810,FG901,fu1901,hc1901,i1901,j1901,jd1901,jm1901,l1901,m1901,MA901,ni1811,OI901,p1901,pb1810,pp1901,rb1901,RM901,ru1901,sc1812,SF901,SM901,sn1901,SR901,TA901,v1901,WH901,y1901,ZC901,zn1810
20180824.0,a1901,ag1812,al1810,AP901,au1812,b1901,bu1812,c1901,CF901,cs1901,cu1810,FG901,fu1901,hc1901,i1901,j1901,jd1901,jm1901,l1901,m1901,MA901,ni1811,OI901,p1901,pb1810,pp1901,rb1901,RM901,ru1901,sc1812,SF901,SM901,sn1901,SR901,TA901,v1901,WH901,y1901,ZC901,zn1810
20180827.0,a1901,ag1812,al1810,AP901,au1812,b1901,bu1812,c1901,CF901,cs1901,cu1810,FG901,fu1901,hc1901,i1901,j1901,jd1901,jm1901,l1901,m1901,MA901,ni1811,OI901,p1901,pb1810,pp1901,rb1901,RM901,ru1901,sc1812,SF901,SM901,sn1901,SR901,TA901,v1901,WH901,y1901,ZC901,zn1810
20180828.0,a1901,ag1812,al1810,AP901,au1812,b1901,bu1812,c1901,CF901,cs1901,cu1810,FG901,fu1901,hc1901,i1901,j1901,jd1901,jm1901,l1901,m1901,MA901,ni1811,OI901,p1901,pb1810,pp1901,rb1901,RM901,ru1901,sc1812,SF901,SM901,sn1901,SR901,TA901,v1901,WH901,y1901,ZC901,zn1810
20180829.0,a1901,ag1812,al1810,AP901,au1812,b1901,bu1812,c1901,CF901,cs1901,cu1810,FG901,fu1901,hc1901,i1901,j1901,jd1901,jm1901,l1901,m1901,MA901,ni1811,OI901,p1901,pb1810,pp1901,rb1901,RM901,ru1901,sc1812,SF901,SM901,sn1901,SR901,TA901,v1901,WH901,y1901,ZC901,zn1810
20180830.0,a1901,ag1812,al1810,AP901,au1812,b1901,bu1812,c1901,CF901,cs1901,cu1810,FG901,fu1901,hc1901,i1901,j1901,jd1901,jm1901,l1901,m1901,MA901,ni1811,OI901,p1901,pb1810,pp1901,rb1901,RM901,ru1901,sc1812,SF901,SM901,sn1901,SR901,TA901,v1901,WH901,y1901,ZC901,zn1810
20180831.0,a1901,ag1812,al1810,AP901,au1812,b1901,bu1812,c1901,CF901,cs1901,cu1810,FG901,fu1901,hc1901,i1901,j1901,jd1901,jm1901,l1901,m1901,MA901,ni1811,OI901,p1901,pb1810,pp1901,rb1901,RM901,ru1901,sc1812,SF901,SM901,sn1901,SR901,TA901,v1901,WH901,y1901,ZC901,zn1810
20180903.0,a1901,ag1812,al1810,AP901,au1812,b1901,bu1812,c1901,CF901,cs1901,cu1810,FG901,fu1901,hc1901,i1901,j1901,jd1901,jm1901,l1901,m1901,MA901,ni1811,OI901,p1901,pb1810,pp1901,rb1901,RM901,ru1901,sc1812,SF901,SM901,sn1901,SR901,TA901,v1901,WH901,y1901,ZC901,zn1810
20180904.0,a1901,ag1812,al1810,AP901,au1812,b1901,bu1812,c1901,CF901,cs1901,cu1810,FG901,fu1901,hc1901,i1901,j1901,jd1901,jm1901,l1901,m1901,MA901,ni1811,OI901,p1901,pb1810,pp1901,rb1901,RM901,ru1901,sc1812,SF901,SM901,sn1901,SR901,TA901,v1901,WH901,y1901,ZC901,zn1810
20180905.0,a1901,ag1812,al1810,AP901,au1812,b1901,bu1812,c1901,CF901,cs1901,cu1810,FG901,fu1901,hc1901,i1901,j1901,jd1901,jm1901,l1901,m1901,MA901,ni1811,OI901,p1901,pb1810,pp1901,rb1901,RM901,ru1901,sc1812,SF901,SM901,sn1901,SR901,TA901,v1901,WH901,y1901,ZC901,zn1810
20180906.0,a1901,ag1812,al1811,AP901,au1812,b1901,bu1812,c1901,CF901,cs1901,cu1810,FG901,fu1901,hc1901,i1901,j1901,jd1901,jm1901,l1901,m1901,MA901,ni1811,OI901,p1901,pb1810,pp1901,rb1901,RM901,ru1901,sc1812,SF901,SM901,sn1901,SR901,TA901,v1901,WH901,y1901,ZC901,zn1810
20180907.0,a1901,ag1812,al1811,AP901,au1812,b1901,bu1812,c1901,CF901,cs1901,cu1810,FG901,fu1901,hc1901,i1901,j1901,jd1901,jm1901,l1901,m1901,MA901,ni1811,OI901,p1901,pb1810,pp1901,rb1901,RM901,ru1901,sc1812,SF901,SM901,sn1901,SR901,TA901,v1901,WH901,y1901,ZC901,zn1810
